{
  "success_threshold": 4.0,
  "groups": {
    "experiment_1/setup_A/pattern_P1/E_text_alignment_scores": {
      "observations": 27,
      "mean": 1.1111111111111112,
      "population_stddev": 1.227262335243029,
      "best_of_k_mean": 1.8888888888888888,
      "success_at_k": 0.1111111111111111,
      "exact_excerpt_retention_rate": 0.5925925925925926
    },
    "experiment_1/setup_A/pattern_P2/E_text_alignment_scores": {
      "observations": 27,
      "mean": 0.8518518518518519,
      "population_stddev": 0.6499973620290461,
      "best_of_k_mean": 1.3333333333333333,
      "success_at_k": 0.0,
      "exact_excerpt_retention_rate": 0.7407407407407407
    },
    "experiment_1/setup_B/pattern_P1/E_text_alignment_scores": {
      "observations": 27,
      "mean": 1.0,
      "population_stddev": 0.2721655269759087,
      "best_of_k_mean": 1.1111111111111112,
      "success_at_k": 0.0,
      "exact_excerpt_retention_rate": 0.9629629629629629
    },
    "experiment_1/setup_B/pattern_P2/E_text_alignment_scores": {
      "observations": 27,
      "mean": 0.9629629629629629,
      "population_stddev": 0.18885257457751056,
      "best_of_k_mean": 1.0,
      "success_at_k": 0.0,
      "exact_excerpt_retention_rate": 0.9629629629629629
    },
    "experiment_1/setup_C/pattern_P1/E_text_alignment_scores": {
      "observations": 27,
      "mean": 2.259259259259259,
      "population_stddev": 1.5297686243009914,
      "best_of_k_mean": 2.888888888888889,
      "success_at_k": 0.2222222222222222,
      "exact_excerpt_retention_rate": 0.8888888888888888
    },
    "experiment_1/setup_C/pattern_P2/E_text_alignment_scores": {
      "observations": 27,
      "mean": 2.074074074074074,
      "population_stddev": 1.0514866345613623,
      "best_of_k_mean": 2.7777777777777777,
      "success_at_k": 0.2222222222222222,
      "exact_excerpt_retention_rate": 1.0
    },
    "experiment_2/setup_A/pattern_P1/E_text_alignment_score": {
      "observations": 18,
      "mean": 0.6666666666666666,
      "population_stddev": 0.4714045207910317,
      "best_of_k_mean": 0.8333333333333334,
      "success_at_k": 0.0,
      "exact_excerpt_retention_rate": 0.6666666666666666
    },
    "experiment_2/setup_A/pattern_P2/E_text_alignment_score": {
      "observations": 18,
      "mean": 0.5,
      "population_stddev": 0.5,
      "best_of_k_mean": 0.8333333333333334,
      "success_at_k": 0.0,
      "exact_excerpt_retention_rate": 0.5
    },
    "experiment_2/setup_B/pattern_P1/E_text_alignment_score": {
      "observations": 18,
      "mean": 0.0,
      "population_stddev": 0.0,
      "best_of_k_mean": 0.0,
      "success_at_k": 0.0,
      "exact_excerpt_retention_rate": 0.0
    },
    "experiment_2/setup_B/pattern_P2/E_text_alignment_score": {
      "observations": 18,
      "mean": 0.0,
      "population_stddev": 0.0,
      "best_of_k_mean": 0.0,
      "success_at_k": 0.0,
      "exact_excerpt_retention_rate": 0.0
    },
    "experiment_2/setup_C/pattern_P1/E_text_alignment_score": {
      "observations": 18,
      "mean": 2.2222222222222223,
      "population_stddev": 1.2717247935843996,
      "best_of_k_mean": 3.0,
      "success_at_k": 0.3333333333333333,
      "exact_excerpt_retention_rate": 1.0
    },
    "experiment_2/setup_C/pattern_P2/E_text_alignment_score": {
      "observations": 18,
      "mean": 1.5,
      "population_stddev": 0.6871842709362768,
      "best_of_k_mean": 1.8333333333333333,
      "success_at_k": 0.0,
      "exact_excerpt_retention_rate": 1.0
    },
    "experiment_3/setup_A/pattern_P1/M_alignment_score": {
      "observations": 9,
      "mean": 2.111111111111111,
      "population_stddev": 0.8748897637790901,
      "best_of_k_mean": 2.3333333333333335,
      "success_at_k": 0.0
    },
    "experiment_3/setup_A/pattern_P1/T_alignment_score": {
      "observations": 9,
      "mean": 3.5555555555555554,
      "population_stddev": 0.49690399499995325,
      "best_of_k_mean": 3.6666666666666665,
      "success_at_k": 0.6666666666666666
    },
    "experiment_3/setup_A/pattern_P2/M_alignment_score": {
      "observations": 9,
      "mean": 3.0,
      "population_stddev": 0.0,
      "best_of_k_mean": 3.0,
      "success_at_k": 0.0
    },
    "experiment_3/setup_A/pattern_P2/T_alignment_score": {
      "observations": 9,
      "mean": 3.4444444444444446,
      "population_stddev": 0.49690399499995325,
      "best_of_k_mean": 3.6666666666666665,
      "success_at_k": 0.6666666666666666
    },
    "experiment_3/setup_B/pattern_P1/M_alignment_score": {
      "observations": 9,
      "mean": 2.0,
      "population_stddev": 0.6666666666666666,
      "best_of_k_mean": 2.6666666666666665,
      "success_at_k": 0.0
    },
    "experiment_3/setup_B/pattern_P1/T_alignment_score": {
      "observations": 9,
      "mean": 2.888888888888889,
      "population_stddev": 0.5665577237325317,
      "best_of_k_mean": 3.3333333333333335,
      "success_at_k": 0.3333333333333333
    },
    "experiment_3/setup_B/pattern_P2/M_alignment_score": {
      "observations": 9,
      "mean": 2.6666666666666665,
      "population_stddev": 0.4714045207910317,
      "best_of_k_mean": 2.6666666666666665,
      "success_at_k": 0.0
    },
    "experiment_3/setup_B/pattern_P2/T_alignment_score": {
      "observations": 9,
      "mean": 2.4444444444444446,
      "population_stddev": 0.49690399499995325,
      "best_of_k_mean": 2.6666666666666665,
      "success_at_k": 0.0
    },
    "experiment_3/setup_C/pattern_P1/M_alignment_score": {
      "observations": 9,
      "mean": 2.6666666666666665,
      "population_stddev": 0.4714045207910317,
      "best_of_k_mean": 2.6666666666666665,
      "success_at_k": 0.0
    },
    "experiment_3/setup_C/pattern_P1/T_alignment_score": {
      "observations": 9,
      "mean": 2.6666666666666665,
      "population_stddev": 1.0540925533894598,
      "best_of_k_mean": 3.0,
      "success_at_k": 0.3333333333333333
    },
    "experiment_3/setup_C/pattern_P2/M_alignment_score": {
      "observations": 9,
      "mean": 2.888888888888889,
      "population_stddev": 0.31426968052735443,
      "best_of_k_mean": 3.0,
      "success_at_k": 0.0
    },
    "experiment_3/setup_C/pattern_P2/T_alignment_score": {
      "observations": 9,
      "mean": 3.3333333333333335,
      "population_stddev": 0.4714045207910317,
      "best_of_k_mean": 3.6666666666666665,
      "success_at_k": 0.6666666666666666
    }
  }
}
