{
  "success_threshold": 4.0,
  "groups": {
    "experiment_1/setup_B/pattern_P1/E_text_alignment_scores": {
      "observations": 27,
      "mean": 2.111111111111111,
      "population_stddev": 1.640535895581489,
      "best_of_k_mean": 3.3333333333333335,
      "success_at_k": 0.3333333333333333,
      "exact_excerpt_retention_rate": 0.6666666666666666
    },
    "experiment_1/setup_B/pattern_P2/E_text_alignment_scores": {
      "observations": 27,
      "mean": 1.5185185185185186,
      "population_stddev": 1.474985759388139,
      "best_of_k_mean": 2.7777777777777777,
      "success_at_k": 0.2222222222222222,
      "exact_excerpt_retention_rate": 0.6666666666666666
    },
    "experiment_2/setup_B/pattern_P1/E_text_alignment_score": {
      "observations": 18,
      "mean": 1.6666666666666667,
      "population_stddev": 1.6666666666666667,
      "best_of_k_mean": 3.1666666666666665,
      "success_at_k": 0.5,
      "exact_excerpt_retention_rate": 0.6666666666666666
    },
    "experiment_2/setup_B/pattern_P2/E_text_alignment_score": {
      "observations": 18,
      "mean": 0.8888888888888888,
      "population_stddev": 0.8748897637790901,
      "best_of_k_mean": 1.6666666666666667,
      "success_at_k": 0.0,
      "exact_excerpt_retention_rate": 0.6111111111111112
    },
    "experiment_3/setup_B/pattern_P1/M_alignment_score": {
      "observations": 9,
      "mean": 1.3333333333333333,
      "population_stddev": 0.4714045207910317,
      "best_of_k_mean": 1.6666666666666667,
      "success_at_k": 0.0
    },
    "experiment_3/setup_B/pattern_P1/T_alignment_score": {
      "observations": 9,
      "mean": 1.8888888888888888,
      "population_stddev": 0.8748897637790901,
      "best_of_k_mean": 2.6666666666666665,
      "success_at_k": 0.0
    },
    "experiment_3/setup_B/pattern_P2/M_alignment_score": {
      "observations": 9,
      "mean": 2.111111111111111,
      "population_stddev": 0.7370277311900889,
      "best_of_k_mean": 3.0,
      "success_at_k": 0.0
    },
    "experiment_3/setup_B/pattern_P2/T_alignment_score": {
      "observations": 9,
      "mean": 2.7777777777777777,
      "population_stddev": 0.7856742013183862,
      "best_of_k_mean": 3.3333333333333335,
      "success_at_k": 0.3333333333333333
    }
  }
}
