{
  "success_threshold": 4.0,
  "groups": {
    "experiment_1/setup_B/pattern_P1/E_text_alignment_scores": {
      "observations": 27,
      "mean": 1.8148148148148149,
      "population_stddev": 1.678558399055505,
      "best_of_k_mean": 2.888888888888889,
      "success_at_k": 0.3333333333333333,
      "exact_excerpt_retention_rate": 0.5925925925925926
    },
    "experiment_1/setup_B/pattern_P2/E_text_alignment_scores": {
      "observations": 27,
      "mean": 0.8888888888888888,
      "population_stddev": 0.9938079899999065,
      "best_of_k_mean": 1.6666666666666667,
      "success_at_k": 0.1111111111111111,
      "exact_excerpt_retention_rate": 0.5555555555555556
    },
    "experiment_2/setup_B/pattern_P1/E_text_alignment_score": {
      "observations": 18,
      "mean": 2.111111111111111,
      "population_stddev": 2.078698548207745,
      "best_of_k_mean": 4.0,
      "success_at_k": 0.6666666666666666,
      "exact_excerpt_retention_rate": 0.5555555555555556
    },
    "experiment_2/setup_B/pattern_P2/E_text_alignment_score": {
      "observations": 18,
      "mean": 0.5,
      "population_stddev": 0.5,
      "best_of_k_mean": 0.8333333333333334,
      "success_at_k": 0.0,
      "exact_excerpt_retention_rate": 0.5
    },
    "experiment_3/setup_B/pattern_P1/M_alignment_score": {
      "observations": 9,
      "mean": 2.0,
      "population_stddev": 0.816496580927726,
      "best_of_k_mean": 2.6666666666666665,
      "success_at_k": 0.0
    },
    "experiment_3/setup_B/pattern_P1/T_alignment_score": {
      "observations": 9,
      "mean": 2.7777777777777777,
      "population_stddev": 0.9162456945817024,
      "best_of_k_mean": 3.6666666666666665,
      "success_at_k": 0.6666666666666666
    },
    "experiment_3/setup_B/pattern_P2/M_alignment_score": {
      "observations": 9,
      "mean": 2.7777777777777777,
      "population_stddev": 0.6285393610547089,
      "best_of_k_mean": 3.0,
      "success_at_k": 0.0
    },
    "experiment_3/setup_B/pattern_P2/T_alignment_score": {
      "observations": 9,
      "mean": 3.3333333333333335,
      "population_stddev": 0.4714045207910317,
      "best_of_k_mean": 4.0,
      "success_at_k": 1.0
    }
  }
}
