{
  "success_threshold": 4.0,
  "groups": {
    "experiment_1/setup_C/pattern_P1/E_text_alignment_scores": {
      "observations": 27,
      "mean": 2.5925925925925926,
      "population_stddev": 1.6613082586670966,
      "best_of_k_mean": 3.7777777777777777,
      "success_at_k": 0.6666666666666666,
      "exact_excerpt_retention_rate": 0.7407407407407407
    },
    "experiment_1/setup_C/pattern_P2/E_text_alignment_scores": {
      "observations": 27,
      "mean": 1.8148148148148149,
      "population_stddev": 1.4411167746921274,
      "best_of_k_mean": 2.6666666666666665,
      "success_at_k": 0.2222222222222222,
      "exact_excerpt_retention_rate": 0.7407407407407407
    },
    "experiment_2/setup_C/pattern_P1/E_text_alignment_score": {
      "observations": 18,
      "mean": 2.888888888888889,
      "population_stddev": 1.8823415940108241,
      "best_of_k_mean": 3.8333333333333335,
      "success_at_k": 0.6666666666666666,
      "exact_excerpt_retention_rate": 0.7777777777777778
    },
    "experiment_2/setup_C/pattern_P2/E_text_alignment_score": {
      "observations": 18,
      "mean": 0.7222222222222222,
      "population_stddev": 0.9312808119022339,
      "best_of_k_mean": 1.5,
      "success_at_k": 0.0,
      "exact_excerpt_retention_rate": 0.4444444444444444
    },
    "experiment_3/setup_C/pattern_P1/M_alignment_score": {
      "observations": 9,
      "mean": 2.7777777777777777,
      "population_stddev": 0.41573970964154905,
      "best_of_k_mean": 3.0,
      "success_at_k": 0.0
    },
    "experiment_3/setup_C/pattern_P1/T_alignment_score": {
      "observations": 9,
      "mean": 3.5555555555555554,
      "population_stddev": 0.49690399499995325,
      "best_of_k_mean": 3.6666666666666665,
      "success_at_k": 0.6666666666666666
    },
    "experiment_3/setup_C/pattern_P2/M_alignment_score": {
      "observations": 9,
      "mean": 2.5555555555555554,
      "population_stddev": 0.49690399499995325,
      "best_of_k_mean": 2.6666666666666665,
      "success_at_k": 0.0
    },
    "experiment_3/setup_C/pattern_P2/T_alignment_score": {
      "observations": 9,
      "mean": 3.5555555555555554,
      "population_stddev": 0.49690399499995325,
      "best_of_k_mean": 4.0,
      "success_at_k": 1.0
    }
  }
}
