{
  "success_threshold": 4.0,
  "groups": {
    "experiment_1/setup_C/pattern_P1/E_text_alignment_scores": {
      "observations": 27,
      "mean": 3.111111111111111,
      "population_stddev": 1.286204100310025,
      "best_of_k_mean": 3.6666666666666665,
      "success_at_k": 0.4444444444444444,
      "exact_excerpt_retention_rate": 0.8888888888888888
    },
    "experiment_1/setup_C/pattern_P2/E_text_alignment_scores": {
      "observations": 27,
      "mean": 2.111111111111111,
      "population_stddev": 1.314684396244359,
      "best_of_k_mean": 2.888888888888889,
      "success_at_k": 0.2222222222222222,
      "exact_excerpt_retention_rate": 0.8518518518518519
    },
    "experiment_2/setup_C/pattern_P1/E_text_alignment_score": {
      "observations": 18,
      "mean": 2.4444444444444446,
      "population_stddev": 1.7391639824998364,
      "best_of_k_mean": 3.6666666666666665,
      "success_at_k": 0.6666666666666666,
      "exact_excerpt_retention_rate": 0.8333333333333334
    },
    "experiment_2/setup_C/pattern_P2/E_text_alignment_score": {
      "observations": 18,
      "mean": 1.0555555555555556,
      "population_stddev": 0.7049209744694178,
      "best_of_k_mean": 1.6666666666666667,
      "success_at_k": 0.0,
      "exact_excerpt_retention_rate": 0.7777777777777778
    },
    "experiment_3/setup_C/pattern_P1/M_alignment_score": {
      "observations": 9,
      "mean": 3.0,
      "population_stddev": 0.816496580927726,
      "best_of_k_mean": 3.3333333333333335,
      "success_at_k": 0.3333333333333333
    },
    "experiment_3/setup_C/pattern_P1/T_alignment_score": {
      "observations": 9,
      "mean": 3.4444444444444446,
      "population_stddev": 1.2570787221094177,
      "best_of_k_mean": 4.333333333333333,
      "success_at_k": 0.6666666666666666
    },
    "experiment_3/setup_C/pattern_P2/M_alignment_score": {
      "observations": 9,
      "mean": 3.2222222222222223,
      "population_stddev": 0.41573970964154905,
      "best_of_k_mean": 3.6666666666666665,
      "success_at_k": 0.6666666666666666
    },
    "experiment_3/setup_C/pattern_P2/T_alignment_score": {
      "observations": 9,
      "mean": 3.5555555555555554,
      "population_stddev": 0.6849348892187752,
      "best_of_k_mean": 4.0,
      "success_at_k": 1.0
    }
  }
}
