{
  "success_threshold": 4.0,
  "groups": {
    "experiment_1/setup_B/pattern_P1/E_text_alignment_scores": {
      "observations": 27,
      "mean": 3.4814814814814814,
      "population_stddev": 1.474985759388139,
      "best_of_k_mean": 3.7777777777777777,
      "success_at_k": 0.6666666666666666,
      "exact_excerpt_retention_rate": 0.9629629629629629
    },
    "experiment_1/setup_B/pattern_P2/E_text_alignment_scores": {
      "observations": 27,
      "mean": 1.9259259259259258,
      "population_stddev": 1.0514866345613623,
      "best_of_k_mean": 2.4444444444444446,
      "success_at_k": 0.1111111111111111,
      "exact_excerpt_retention_rate": 0.9629629629629629
    },
    "experiment_2/setup_B/pattern_P1/E_text_alignment_score": {
      "observations": 18,
      "mean": 3.1666666666666665,
      "population_stddev": 1.4624940645653537,
      "best_of_k_mean": 3.5,
      "success_at_k": 0.6666666666666666,
      "exact_excerpt_retention_rate": 1.0
    },
    "experiment_2/setup_B/pattern_P2/E_text_alignment_score": {
      "observations": 18,
      "mean": 1.6666666666666667,
      "population_stddev": 0.7453559924999299,
      "best_of_k_mean": 1.8333333333333333,
      "success_at_k": 0.0,
      "exact_excerpt_retention_rate": 1.0
    },
    "experiment_3/setup_B/pattern_P1/M_alignment_score": {
      "observations": 9,
      "mean": 2.3333333333333335,
      "population_stddev": 0.816496580927726,
      "best_of_k_mean": 3.0,
      "success_at_k": 0.0
    },
    "experiment_3/setup_B/pattern_P1/T_alignment_score": {
      "observations": 9,
      "mean": 2.7777777777777777,
      "population_stddev": 0.41573970964154905,
      "best_of_k_mean": 3.0,
      "success_at_k": 0.0
    },
    "experiment_3/setup_B/pattern_P2/M_alignment_score": {
      "observations": 9,
      "mean": 3.111111111111111,
      "population_stddev": 0.31426968052735443,
      "best_of_k_mean": 3.3333333333333335,
      "success_at_k": 0.3333333333333333
    },
    "experiment_3/setup_B/pattern_P2/T_alignment_score": {
      "observations": 9,
      "mean": 4.0,
      "population_stddev": 0.0,
      "best_of_k_mean": 4.0,
      "success_at_k": 1.0
    }
  }
}
