{
  "success_threshold": 4.0,
  "groups": {
    "experiment_1/setup_A/pattern_P1/E_text_alignment_scores": {
      "observations": 27,
      "mean": 3.0,
      "population_stddev": 1.539600717839002,
      "best_of_k_mean": 3.6666666666666665,
      "success_at_k": 0.5555555555555556,
      "exact_excerpt_retention_rate": 0.8518518518518519
    },
    "experiment_1/setup_A/pattern_P2/E_text_alignment_scores": {
      "observations": 27,
      "mean": 1.3333333333333333,
      "population_stddev": 1.7638342073763937,
      "best_of_k_mean": 2.888888888888889,
      "success_at_k": 0.3333333333333333,
      "exact_excerpt_retention_rate": 0.4444444444444444
    },
    "experiment_2/setup_A/pattern_P1/E_text_alignment_score": {
      "observations": 18,
      "mean": 3.0,
      "population_stddev": 1.5986105077709065,
      "best_of_k_mean": 3.6666666666666665,
      "success_at_k": 0.6666666666666666,
      "exact_excerpt_retention_rate": 0.8333333333333334
    },
    "experiment_2/setup_A/pattern_P2/E_text_alignment_score": {
      "observations": 18,
      "mean": 0.9444444444444444,
      "population_stddev": 0.9702360664762767,
      "best_of_k_mean": 2.0,
      "success_at_k": 0.0,
      "exact_excerpt_retention_rate": 0.5555555555555556
    },
    "experiment_3/setup_A/pattern_P1/M_alignment_score": {
      "observations": 9,
      "mean": 1.7777777777777777,
      "population_stddev": 0.41573970964154905,
      "best_of_k_mean": 2.0,
      "success_at_k": 0.0
    },
    "experiment_3/setup_A/pattern_P1/T_alignment_score": {
      "observations": 9,
      "mean": 2.0,
      "population_stddev": 0.6666666666666666,
      "best_of_k_mean": 2.3333333333333335,
      "success_at_k": 0.0
    },
    "experiment_3/setup_A/pattern_P2/M_alignment_score": {
      "observations": 9,
      "mean": 3.0,
      "population_stddev": 0.0,
      "best_of_k_mean": 3.0,
      "success_at_k": 0.0
    },
    "experiment_3/setup_A/pattern_P2/T_alignment_score": {
      "observations": 9,
      "mean": 3.2222222222222223,
      "population_stddev": 0.41573970964154905,
      "best_of_k_mean": 3.6666666666666665,
      "success_at_k": 0.6666666666666666
    }
  }
}
