{
  "success_threshold": 4.0,
  "groups": {
    "experiment_1/setup_B/pattern_P1/E_text_alignment_scores": {
      "observations": 27,
      "mean": 2.925925925925926,
      "population_stddev": 1.274418558080389,
      "best_of_k_mean": 3.4444444444444446,
      "success_at_k": 0.3333333333333333,
      "exact_excerpt_retention_rate": 0.8888888888888888
    },
    "experiment_1/setup_B/pattern_P2/E_text_alignment_scores": {
      "observations": 27,
      "mean": 1.4074074074074074,
      "population_stddev": 1.3405156348780636,
      "best_of_k_mean": 2.5555555555555554,
      "success_at_k": 0.1111111111111111,
      "exact_excerpt_retention_rate": 0.6296296296296297
    },
    "experiment_2/setup_B/pattern_P1/E_text_alignment_score": {
      "observations": 18,
      "mean": 2.888888888888889,
      "population_stddev": 1.4865653511399612,
      "best_of_k_mean": 3.6666666666666665,
      "success_at_k": 0.6666666666666666,
      "exact_excerpt_retention_rate": 0.9444444444444444
    },
    "experiment_2/setup_B/pattern_P2/E_text_alignment_score": {
      "observations": 18,
      "mean": 1.1666666666666667,
      "population_stddev": 1.118033988749895,
      "best_of_k_mean": 1.6666666666666667,
      "success_at_k": 0.0,
      "exact_excerpt_retention_rate": 0.6111111111111112
    },
    "experiment_3/setup_B/pattern_P1/M_alignment_score": {
      "observations": 9,
      "mean": 1.8888888888888888,
      "population_stddev": 0.7370277311900889,
      "best_of_k_mean": 2.6666666666666665,
      "success_at_k": 0.0
    },
    "experiment_3/setup_B/pattern_P1/T_alignment_score": {
      "observations": 9,
      "mean": 2.5555555555555554,
      "population_stddev": 0.8314794192830981,
      "best_of_k_mean": 3.0,
      "success_at_k": 0.0
    },
    "experiment_3/setup_B/pattern_P2/M_alignment_score": {
      "observations": 9,
      "mean": 3.0,
      "population_stddev": 0.0,
      "best_of_k_mean": 3.0,
      "success_at_k": 0.0
    },
    "experiment_3/setup_B/pattern_P2/T_alignment_score": {
      "observations": 9,
      "mean": 3.111111111111111,
      "population_stddev": 0.31426968052735443,
      "best_of_k_mean": 3.3333333333333335,
      "success_at_k": 0.3333333333333333
    }
  }
}
