{
  "success_threshold": 4.0,
  "groups": {
    "experiment_1/setup_B/pattern_P1/E_text_alignment_scores": {
      "observations": 27,
      "mean": 2.4074074074074074,
      "population_stddev": 1.6613082586670966,
      "best_of_k_mean": 3.4444444444444446,
      "success_at_k": 0.4444444444444444,
      "exact_excerpt_retention_rate": 0.7407407407407407
    },
    "experiment_1/setup_B/pattern_P2/E_text_alignment_scores": {
      "observations": 27,
      "mean": 1.5185185185185186,
      "population_stddev": 1.4998856838012287,
      "best_of_k_mean": 2.4444444444444446,
      "success_at_k": 0.1111111111111111,
      "exact_excerpt_retention_rate": 0.5185185185185185
    },
    "experiment_2/setup_B/pattern_P1/E_text_alignment_score": {
      "observations": 18,
      "mean": 2.4444444444444446,
      "population_stddev": 1.4614384931073228,
      "best_of_k_mean": 3.1666666666666665,
      "success_at_k": 0.5,
      "exact_excerpt_retention_rate": 0.8333333333333334
    },
    "experiment_2/setup_B/pattern_P2/E_text_alignment_score": {
      "observations": 18,
      "mean": 2.0555555555555554,
      "population_stddev": 1.4709113660970807,
      "best_of_k_mean": 2.5,
      "success_at_k": 0.16666666666666666,
      "exact_excerpt_retention_rate": 0.7222222222222222
    },
    "experiment_3/setup_B/pattern_P1/M_alignment_score": {
      "observations": 9,
      "mean": 1.5555555555555556,
      "population_stddev": 0.6849348892187752,
      "best_of_k_mean": 2.3333333333333335,
      "success_at_k": 0.0
    },
    "experiment_3/setup_B/pattern_P1/T_alignment_score": {
      "observations": 9,
      "mean": 1.8888888888888888,
      "population_stddev": 0.7370277311900889,
      "best_of_k_mean": 2.6666666666666665,
      "success_at_k": 0.0
    },
    "experiment_3/setup_B/pattern_P2/M_alignment_score": {
      "observations": 9,
      "mean": 2.5555555555555554,
      "population_stddev": 0.6849348892187752,
      "best_of_k_mean": 3.0,
      "success_at_k": 0.0
    },
    "experiment_3/setup_B/pattern_P2/T_alignment_score": {
      "observations": 9,
      "mean": 2.2222222222222223,
      "population_stddev": 0.9162456945817024,
      "best_of_k_mean": 2.6666666666666665,
      "success_at_k": 0.0
    }
  }
}
