{
  "success_threshold": 4.0,
  "groups": {
    "experiment_1/setup_B/pattern_P1/E_text_alignment_scores": {
      "observations": 27,
      "mean": 2.1481481481481484,
      "population_stddev": 1.6488762436705233,
      "best_of_k_mean": 3.2222222222222223,
      "success_at_k": 0.4444444444444444,
      "exact_excerpt_retention_rate": 0.7777777777777778
    },
    "experiment_1/setup_B/pattern_P2/E_text_alignment_scores": {
      "observations": 27,
      "mean": 1.4074074074074074,
      "population_stddev": 1.3946792876861283,
      "best_of_k_mean": 2.3333333333333335,
      "success_at_k": 0.0,
      "exact_excerpt_retention_rate": 0.5555555555555556
    },
    "experiment_2/setup_B/pattern_P1/E_text_alignment_score": {
      "observations": 18,
      "mean": 2.4444444444444446,
      "population_stddev": 1.4229164972072996,
      "best_of_k_mean": 3.0,
      "success_at_k": 0.5,
      "exact_excerpt_retention_rate": 0.8333333333333334
    },
    "experiment_2/setup_B/pattern_P2/E_text_alignment_score": {
      "observations": 18,
      "mean": 1.8888888888888888,
      "population_stddev": 1.629208699846131,
      "best_of_k_mean": 3.3333333333333335,
      "success_at_k": 0.3333333333333333,
      "exact_excerpt_retention_rate": 0.6111111111111112
    },
    "experiment_3/setup_B/pattern_P1/M_alignment_score": {
      "observations": 9,
      "mean": 1.5555555555555556,
      "population_stddev": 0.8314794192830981,
      "best_of_k_mean": 1.6666666666666667,
      "success_at_k": 0.0
    },
    "experiment_3/setup_B/pattern_P1/T_alignment_score": {
      "observations": 9,
      "mean": 1.8888888888888888,
      "population_stddev": 0.9938079899999065,
      "best_of_k_mean": 3.0,
      "success_at_k": 0.0
    },
    "experiment_3/setup_B/pattern_P2/M_alignment_score": {
      "observations": 9,
      "mean": 2.6666666666666665,
      "population_stddev": 0.4714045207910317,
      "best_of_k_mean": 3.0,
      "success_at_k": 0.0
    },
    "experiment_3/setup_B/pattern_P2/T_alignment_score": {
      "observations": 9,
      "mean": 3.0,
      "population_stddev": 0.0,
      "best_of_k_mean": 3.0,
      "success_at_k": 0.0
    }
  }
}
