{
  "success_threshold": 4.0,
  "groups": {
    "experiment_1/setup_A/pattern_P1/E_text_alignment_scores": {
      "observations": 27,
      "mean": 2.740740740740741,
      "population_stddev": 1.6237266827246646,
      "best_of_k_mean": 3.4444444444444446,
      "success_at_k": 0.4444444444444444,
      "exact_excerpt_retention_rate": 0.8148148148148148
    },
    "experiment_1/setup_A/pattern_P2/E_text_alignment_scores": {
      "observations": 27,
      "mean": 0.5555555555555556,
      "population_stddev": 1.1331154474650633,
      "best_of_k_mean": 1.4444444444444444,
      "success_at_k": 0.1111111111111111,
      "exact_excerpt_retention_rate": 0.25925925925925924
    },
    "experiment_2/setup_A/pattern_P1/E_text_alignment_score": {
      "observations": 18,
      "mean": 2.3333333333333335,
      "population_stddev": 1.5986105077709065,
      "best_of_k_mean": 3.1666666666666665,
      "success_at_k": 0.5,
      "exact_excerpt_retention_rate": 0.7777777777777778
    },
    "experiment_2/setup_A/pattern_P2/E_text_alignment_score": {
      "observations": 18,
      "mean": 0.8333333333333334,
      "population_stddev": 1.118033988749895,
      "best_of_k_mean": 1.5,
      "success_at_k": 0.0,
      "exact_excerpt_retention_rate": 0.3888888888888889
    },
    "experiment_3/setup_A/pattern_P1/M_alignment_score": {
      "observations": 9,
      "mean": 2.3333333333333335,
      "population_stddev": 0.6666666666666666,
      "best_of_k_mean": 3.0,
      "success_at_k": 0.0
    },
    "experiment_3/setup_A/pattern_P1/T_alignment_score": {
      "observations": 9,
      "mean": 2.4444444444444446,
      "population_stddev": 0.6849348892187752,
      "best_of_k_mean": 3.0,
      "success_at_k": 0.0
    },
    "experiment_3/setup_A/pattern_P2/M_alignment_score": {
      "observations": 9,
      "mean": 3.0,
      "population_stddev": 0.0,
      "best_of_k_mean": 3.0,
      "success_at_k": 0.0
    },
    "experiment_3/setup_A/pattern_P2/T_alignment_score": {
      "observations": 9,
      "mean": 3.5555555555555554,
      "population_stddev": 0.49690399499995325,
      "best_of_k_mean": 4.0,
      "success_at_k": 1.0
    }
  }
}
