{
  "success_threshold": 4.0,
  "groups": {
    "experiment_1/setup_B/pattern_P1/E_text_alignment_scores": {
      "observations": 27,
      "mean": 1.8888888888888888,
      "population_stddev": 1.5713484026367723,
      "best_of_k_mean": 3.111111111111111,
      "success_at_k": 0.3333333333333333,
      "exact_excerpt_retention_rate": 0.7037037037037037
    },
    "experiment_1/setup_B/pattern_P2/E_text_alignment_scores": {
      "observations": 27,
      "mean": 1.1111111111111112,
      "population_stddev": 1.2570787221094177,
      "best_of_k_mean": 2.4444444444444446,
      "success_at_k": 0.1111111111111111,
      "exact_excerpt_retention_rate": 0.5555555555555556
    },
    "experiment_2/setup_B/pattern_P1/E_text_alignment_score": {
      "observations": 18,
      "mean": 2.2222222222222223,
      "population_stddev": 1.7497795275581802,
      "best_of_k_mean": 3.5,
      "success_at_k": 0.6666666666666666,
      "exact_excerpt_retention_rate": 0.7222222222222222
    },
    "experiment_2/setup_B/pattern_P2/E_text_alignment_score": {
      "observations": 18,
      "mean": 0.5,
      "population_stddev": 0.7637626158259734,
      "best_of_k_mean": 1.0,
      "success_at_k": 0.0,
      "exact_excerpt_retention_rate": 0.3333333333333333
    },
    "experiment_3/setup_B/pattern_P1/M_alignment_score": {
      "observations": 9,
      "mean": 1.3333333333333333,
      "population_stddev": 0.6666666666666666,
      "best_of_k_mean": 2.0,
      "success_at_k": 0.0
    },
    "experiment_3/setup_B/pattern_P1/T_alignment_score": {
      "observations": 9,
      "mean": 1.8888888888888888,
      "population_stddev": 0.9938079899999065,
      "best_of_k_mean": 2.3333333333333335,
      "success_at_k": 0.0
    },
    "experiment_3/setup_B/pattern_P2/M_alignment_score": {
      "observations": 9,
      "mean": 3.0,
      "population_stddev": 0.0,
      "best_of_k_mean": 3.0,
      "success_at_k": 0.0
    },
    "experiment_3/setup_B/pattern_P2/T_alignment_score": {
      "observations": 9,
      "mean": 3.3333333333333335,
      "population_stddev": 0.4714045207910317,
      "best_of_k_mean": 3.6666666666666665,
      "success_at_k": 0.6666666666666666
    }
  }
}
