{
  "gpt-4.1": {
    "A": {
      "det": {
        "E1": {
          "avg": 2.6666666666666665,
          "P1": 3.5555555555555554,
          "P2": 1.7777777777777777
        },
        "E2": {
          "avg": 2.333333333333333,
          "P1": 3.6666666666666665,
          "P2": 1.0
        },
        "E3_M": {
          "avg": 2.833333333333333,
          "P1": 2.6666666666666665,
          "P2": 3.0
        },
        "E3_T": {
          "avg": 3.5,
          "P1": 3.3333333333333335,
          "P2": 3.6666666666666665
        }
      },
      "rob": {
        "E1": {
          "avg": 2.7777777777777777,
          "P1": 3.5555555555555554,
          "P2": 2.0
        },
        "E2": {
          "avg": 2.3333333333333335,
          "P1": 3.5,
          "P2": 1.1666666666666667
        },
        "E3_M": {
          "avg": 3.0,
          "P1": 2.7777777777777777,
          "P2": 3.2222222222222223
        },
        "E3_T": {
          "avg": 3.833333333333333,
          "P1": 3.6666666666666665,
          "P2": 4.0
        }
      }
    },
    "B-query": {
      "det": {
        "E1": {
          "avg": 2.6666666666666665,
          "P1": 3.5555555555555554,
          "P2": 1.7777777777777777
        },
        "E2": {
          "avg": 1.75,
          "P1": 2.3333333333333335,
          "P2": 1.1666666666666667
        },
        "E3_M": {
          "avg": 1.6666666666666667,
          "P1": 1.0,
          "P2": 2.3333333333333335
        },
        "E3_T": {
          "avg": 2.3333333333333335,
          "P1": 1.3333333333333333,
          "P2": 3.3333333333333335
        }
      },
      "rob": {
        "E1": {
          "avg": 2.7962962962962963,
          "P1": 3.4814814814814814,
          "P2": 2.111111111111111
        },
        "E2": {
          "avg": 2.333333333333333,
          "P1": 3.2777777777777777,
          "P2": 1.3888888888888888
        },
        "E3_M": {
          "avg": 1.8888888888888888,
          "P1": 1.0,
          "P2": 2.7777777777777777
        },
        "E3_T": {
          "avg": 2.6666666666666665,
          "P1": 1.5555555555555556,
          "P2": 3.7777777777777777
        }
      }
    },
    "B-resolved": {
      "det": {
        "E1": {
          "avg": 2.666666666666667,
          "P1": 3.0,
          "P2": 2.3333333333333335
        },
        "E2": {
          "avg": 2.166666666666667,
          "P1": 2.8333333333333335,
          "P2": 1.5
        },
        "E3_M": {
          "avg": 3.0,
          "P1": 2.6666666666666665,
          "P2": 3.3333333333333335
        },
        "E3_T": {
          "avg": 3.333333333333333,
          "P1": 2.6666666666666665,
          "P2": 4.0
        }
      },
      "rob": {
        "E1": {
          "avg": 2.7037037037037037,
          "P1": 3.4814814814814814,
          "P2": 1.9259259259259258
        },
        "E2": {
          "avg": 2.4166666666666665,
          "P1": 3.1666666666666665,
          "P2": 1.6666666666666667
        },
        "E3_M": {
          "avg": 2.7222222222222223,
          "P1": 2.3333333333333335,
          "P2": 3.111111111111111
        },
        "E3_T": {
          "avg": 3.388888888888889,
          "P1": 2.7777777777777777,
          "P2": 4.0
        }
      }
    },
    "C": {
      "det": {
        "E1": {
          "avg": 3.333333333333333,
          "P1": 4.111111111111111,
          "P2": 2.5555555555555554
        },
        "E2": {
          "avg": 2.25,
          "P1": 3.1666666666666665,
          "P2": 1.3333333333333333
        },
        "E3_M": {
          "avg": 3.0,
          "P1": 3.0,
          "P2": 3.0
        },
        "E3_T": {
          "avg": 3.833333333333333,
          "P1": 3.6666666666666665,
          "P2": 4.0
        }
      },
      "rob": {
        "E1": {
          "avg": 3.074074074074074,
          "P1": 3.888888888888889,
          "P2": 2.259259259259259
        },
        "E2": {
          "avg": 2.7777777777777777,
          "P1": 3.6666666666666665,
          "P2": 1.8888888888888888
        },
        "E3_M": {
          "avg": 3.166666666666667,
          "P1": 3.0,
          "P2": 3.3333333333333335
        },
        "E3_T": {
          "avg": 3.888888888888889,
          "P1": 3.7777777777777777,
          "P2": 4.0
        }
      }
    }
  },
  "gpt-oss-medium": {
    "A": {
      "det": {
        "E1": {
          "avg": 2.2777777777777777,
          "P1": 3.111111111111111,
          "P2": 1.4444444444444444
        },
        "E2": {
          "avg": 1.5416666666666667,
          "P1": 2.5833333333333335,
          "P2": 0.5
        },
        "E3_M": {
          "avg": 2.833333333333333,
          "P1": 2.6666666666666665,
          "P2": 3.0
        },
        "E3_T": {
          "avg": 3.0,
          "P1": 2.6666666666666665,
          "P2": 3.3333333333333335
        }
      },
      "rob": {
        "E1": {
          "avg": 2.101851851851852,
          "P1": 2.925925925925926,
          "P2": 1.2777777777777777
        },
        "E2": {
          "avg": 1.8333333333333333,
          "P1": 2.7777777777777777,
          "P2": 0.8888888888888888
        },
        "E3_M": {
          "avg": 1.777777777777778,
          "P1": 2.4444444444444446,
          "P2": 1.1111111111111112
        },
        "E3_T": {
          "avg": 2.2222222222222223,
          "P1": 2.4444444444444446,
          "P2": 2.0
        }
      }
    },
    "B-query": {
      "det": {
        "E1": {
          "avg": 1.8888888888888888,
          "P1": 2.888888888888889,
          "P2": 0.8888888888888888
        },
        "E2": {
          "avg": 2.0,
          "P1": 2.8333333333333335,
          "P2": 1.1666666666666667
        },
        "E3_M": {
          "avg": 2.3333333333333335,
          "P1": 1.6666666666666667,
          "P2": 3.0
        },
        "E3_T": {
          "avg": 2.3333333333333335,
          "P1": 1.3333333333333333,
          "P2": 3.3333333333333335
        }
      },
      "rob": {
        "E1": {
          "avg": 1.7407407407407407,
          "P1": 2.7037037037037037,
          "P2": 0.7777777777777778
        },
        "E2": {
          "avg": 2.0833333333333335,
          "P1": 3.0,
          "P2": 1.1666666666666667
        },
        "E3_M": {
          "avg": 1.2222222222222223,
          "P1": 1.3333333333333333,
          "P2": 1.1111111111111112
        },
        "E3_T": {
          "avg": 1.7777777777777777,
          "P1": 1.8888888888888888,
          "P2": 1.6666666666666667
        }
      }
    },
    "B-resolved": {
      "det": {
        "E1": {
          "avg": 2.388888888888889,
          "P1": 3.4444444444444446,
          "P2": 1.3333333333333333
        },
        "E2": {
          "avg": 1.8333333333333335,
          "P1": 2.8333333333333335,
          "P2": 0.8333333333333334
        },
        "E3_M": {
          "avg": 2.3333333333333335,
          "P1": 1.6666666666666667,
          "P2": 3.0
        },
        "E3_T": {
          "avg": 2.666666666666667,
          "P1": 2.3333333333333335,
          "P2": 3.0
        }
      },
      "rob": {
        "E1": {
          "avg": 1.9074074074074074,
          "P1": 2.925925925925926,
          "P2": 0.8888888888888888
        },
        "E2": {
          "avg": 2.111111111111111,
          "P1": 3.111111111111111,
          "P2": 1.1111111111111112
        },
        "E3_M": {
          "avg": 1.3333333333333335,
          "P1": 1.5555555555555556,
          "P2": 1.1111111111111112
        },
        "E3_T": {
          "avg": 1.8333333333333335,
          "P1": 2.0,
          "P2": 1.6666666666666667
        }
      }
    },
    "C": {
      "det": {
        "E1": {
          "avg": 3.0555555555555554,
          "P1": 3.888888888888889,
          "P2": 2.2222222222222223
        },
        "E2": {
          "avg": 2.1666666666666665,
          "P1": 3.1666666666666665,
          "P2": 1.1666666666666667
        },
        "E3_M": {
          "avg": 3.0,
          "P1": 3.0,